batch_idx,horizon_idx,action_0,action_1
0,0,-0.5340499877929688,0.19875000417232513
0,1,-0.5340499877929688,0.19249999523162842
0,2,-0.5340499877929688,0.1862500011920929
0,3,-0.5340499877929688,0.17999999225139618
0,4,-0.5340499877929688,0.17374999821186066
0,5,-0.5340499877929688,0.16750000417232513
0,6,-0.5340499877929688,0.16124999523162842
0,7,-0.5340499877929688,0.1550000011920929
0,8,-0.5340499877929688,0.14874999225139618
0,9,-0.5340499877929688,0.14249999821186066
0,10,-0.5340499877929688,0.13625000417232513
0,11,-0.5340499877929688,0.12999999523162842
0,12,-0.5340499877929688,0.1237499937415123
0,13,-0.5340499877929688,0.11749999970197678
0,14,-0.5340499877929688,0.11124999821186066
0,15,-0.5340499877929688,0.10499999672174454
1,0,-0.5410500168800354,0.02859998680651188
1,1,-0.5410500168800354,0.02859998680651188
1,2,-0.5410500168800354,0.02859998680651188
1,3,-0.5410500168800354,0.02859998680651188
1,4,-0.5410500168800354,0.029399985447525978
1,5,-0.5410500168800354,0.029399985447525978
1,6,-0.5410500168800354,0.029399985447525978
1,7,-0.5410500168800354,0.029399985447525978
1,8,-0.5410500168800354,0.029399985447525978
1,9,-0.5410500168800354,0.029399985447525978
1,10,-0.5410500168800354,0.028899986296892166
1,11,-0.5417500138282776,0.022649986669421196
1,12,-0.5424500107765198,0.016399985179305077
1,13,-0.5432000160217285,0.010149985551834106
1,14,-0.5439500212669373,0.0038999856915324926
1,15,-0.544700026512146,-0.002350014401599765
2,0,-0.4102499783039093,0.058500029146671295
2,1,-0.4131999909877777,0.058500029146671295
2,2,-0.41614997386932373,0.058500029146671295
2,3,-0.4191499650478363,0.059000030159950256
2,4,-0.42214998602867126,0.05950002744793892
2,5,-0.42514997720718384,0.06000002846121788
2,6,-0.4281499683856964,0.06130002811551094
2,7,-0.43114998936653137,0.06300003081560135
2,8,-0.43414998054504395,0.06470002979040146
2,9,-0.4371499717235565,0.06640002876520157
2,10,-0.4402499794960022,0.0678500309586525
2,11,-0.4433499872684479,0.06895002722740173
2,12,-0.4464999735355377,0.06895002722740173
2,13,-0.44964998960494995,0.06895002722740173
2,14,-0.4528999924659729,0.06895002722740173
2,15,-0.45614996552467346,0.06895002722740173
3,0,-0.5408246517181396,0.3444775640964508
3,1,-0.5361246466636658,0.3497275710105896
3,2,-0.5310746431350708,0.35467755794525146
3,3,-0.5256246328353882,0.3590775728225708
3,4,-0.519624650478363,0.36267757415771484
3,5,-0.5133746266365051,0.3653775751590729
3,6,-0.507124662399292,0.3672775626182556
3,7,-0.507124662399292,0.3672775626182556
3,8,-0.507124662399292,0.3672775626182556
3,9,-0.5058746337890625,0.3672775626182556
3,10,-0.5041746497154236,0.3672775626182556
3,11,-0.5007246136665344,0.3681775629520416
3,12,-0.4992746412754059,0.3681775629520416
3,13,-0.4992746412754059,0.3681775629520416
3,14,-0.4992746412754059,0.3681775629520416
3,15,-0.4992746412754059,0.3681775629520416
4,0,-0.42625004053115845,0.039200056344270706
4,1,-0.428100049495697,0.04125005751848221
4,2,-0.4299500584602356,0.04330005496740341
4,3,-0.4318000376224518,0.045350056141614914
4,4,-0.43340003490448,0.046650055795907974
4,5,-0.43455004692077637,0.047400057315826416
4,6,-0.43570005893707275,0.04790005460381508
4,7,-0.4368000328540802,0.04790005460381508
4,8,-0.43790003657341003,0.04790005460381508
4,9,-0.43900004029273987,0.04790005460381508
4,10,-0.4401000440120697,0.04790005460381508
4,11,-0.44120004773139954,0.04790005460381508
4,12,-0.44230005145072937,0.04790005460381508
4,13,-0.4434000551700592,0.04790005460381508
4,14,-0.44450005888938904,0.04790005460381508
4,15,-0.44575005769729614,0.04790005460381508
5,0,-0.29545003175735474,0.2885500192642212
5,1,-0.3061000406742096,0.28120002150535583
5,2,-0.31835004687309265,0.2719000279903412
5,3,-0.3315500319004059,0.2622000277042389
5,4,-0.3447500467300415,0.2525000274181366
5,5,-0.35795003175735474,0.2428000271320343
5,6,-0.37115004658699036,0.233100026845932
5,7,-0.38475003838539124,0.2234000265598297
5,8,-0.3983500301837921,0.2151000201702118
5,9,-0.4119500517845154,0.20680001378059387
5,10,-0.42555004358291626,0.19850002229213715
5,11,-0.43915003538131714,0.19020001590251923
5,12,-0.4527500569820404,0.1819000244140625
5,13,-0.4663500487804413,0.17360001802444458
5,14,-0.47860005497932434,0.16530002653598785
5,15,-0.4902500510215759,0.15700002014636993
6,0,-0.6575999855995178,0.04544999822974205
6,1,-0.6556000113487244,0.04649999737739563
6,2,-0.6535999774932861,0.04754999652504921
6,3,-0.6521499752998352,0.04909999668598175
6,4,-0.6513000130653381,0.05079999566078186
6,5,-0.6506999731063843,0.05279999598860741
6,6,-0.6500999927520752,0.0543999969959259
6,7,-0.6500499844551086,0.0543999969959259
6,8,-0.6500499844551086,0.0543999969959259
6,9,-0.6500499844551086,0.0543999969959259
6,10,-0.6500499844551086,0.0543999969959259
6,11,-0.6500499844551086,0.055049996823072433
6,12,-0.6497499942779541,0.055799998342990875
6,13,-0.6493499875068665,0.055799998342990875
6,14,-0.6489499807357788,0.055799998342990875
6,15,-0.6485499739646912,0.055799998342990875
7,0,-0.2912500202655792,0.28519999980926514
7,1,-0.2944500148296356,0.2796500027179718
7,2,-0.297650009393692,0.2736999988555908
7,3,-0.3008500039577484,0.2667499780654907
7,4,-0.3040499985218048,0.25939998030662537
7,5,-0.3061000108718872,0.25204998254776
7,6,-0.30605000257492065,0.24434998631477356
7,7,-0.3059999942779541,0.2356499880552292
7,8,-0.30595001578330994,0.226749986410141
7,9,-0.3059000074863434,0.2178499847650528
7,10,-0.30584999918937683,0.2081499844789505
7,11,-0.30580002069473267,0.1978999823331833
7,12,-0.3057500123977661,0.18684998154640198
7,13,-0.30570000410079956,0.1751999855041504
7,14,-0.305649995803833,0.16314998269081116
7,15,-0.30560001730918884,0.15109997987747192
8,0,-0.8082500100135803,0.3232499957084656
8,1,-0.8145000338554382,0.3232499957084656
8,2,-0.8207499980926514,0.3232499957084656
8,3,-0.8270000219345093,0.3232499957084656
8,4,-0.8332499861717224,0.3217499852180481
8,5,-0.8384000062942505,0.3174999952316284
8,6,-0.8421000242233276,0.311599999666214
8,7,-0.8433499932289124,0.30535000562667847
8,8,-0.8405500054359436,0.3006500005722046
8,9,-0.8346500396728516,0.2971999943256378
8,10,-0.8284000158309937,0.2943999767303467
8,11,-0.8221499919891357,0.2936999797821045
8,12,-0.8159000277519226,0.2936999797821045
8,13,-0.8096500039100647,0.2936999797821045
8,14,-0.8033999800682068,0.2936999797821045
8,15,-0.7971500158309937,0.2936999797821045
9,0,-0.478799968957901,0.04995005577802658
9,1,-0.47974997758865356,0.04995005577802658
9,2,-0.4797999858856201,0.04995005577802658
9,3,-0.4797999858856201,0.04995005577802658
9,4,-0.4797999858856201,0.04995005577802658
9,5,-0.4797999858856201,0.0505000539124012
9,6,-0.4797999858856201,0.0517500564455986
9,7,-0.4797999858856201,0.05270005390048027
9,8,-0.4797999858856201,0.05270005390048027
9,9,-0.4797999858856201,0.05270005390048027
9,10,-0.4797999858856201,0.05270005390048027
9,11,-0.4797999858856201,0.05270005390048027
9,12,-0.4797999858856201,0.05270005390048027
9,13,-0.4797999858856201,0.05270005390048027
9,14,-0.4797999858856201,0.05270005390048027
9,15,-0.48034998774528503,0.05270005390048027
10,0,-0.6065999865531921,0.15995004773139954
10,1,-0.6006500124931335,0.1743500530719757
10,2,-0.5917500257492065,0.18640005588531494
10,3,-0.5800999999046326,0.19630004465579987
10,4,-0.5666999816894531,0.20420004427433014
10,5,-0.5526999831199646,0.21115005016326904
10,6,-0.5386999845504761,0.21810005605220795
10,7,-0.5246999859809875,0.22505004703998566
10,8,-0.510699987411499,0.23180004954338074
10,9,-0.4966999888420105,0.23855005204677582
10,10,-0.4822999835014343,0.2453000545501709
10,11,-0.46790000796318054,0.2512500584125519
10,12,-0.45350000262260437,0.2566000521183014
10,13,-0.4390999972820282,0.2606000602245331
10,14,-0.424699991941452,0.2642000615596771
10,15,-0.41029998660087585,0.26760005950927734
11,0,-0.573974609375,0.2784275710582733
11,1,-0.5952246189117432,0.2784275710582733
11,2,-0.616874635219574,0.2784275710582733
11,3,-0.6389246582984924,0.2784275710582733
11,4,-0.6609746217727661,0.27737757563591003
11,5,-0.6830246448516846,0.2751275599002838
11,6,-0.7050746083259583,0.2695775628089905
11,7,-0.7271246314048767,0.2628275752067566
11,8,-0.7468246221542358,0.25157755613327026
11,9,-0.7633746266365051,0.23857755959033966
11,10,-0.7777746319770813,0.22497756779193878
11,11,-0.7913746237754822,0.21097756922245026
11,12,-0.7998746633529663,0.19697757065296173
11,13,-0.8009246587753296,0.182977557182312
11,14,-0.800874650478363,0.1699775606393814
11,15,-0.8008246421813965,0.15737757086753845
12,0,-0.5509500503540039,-0.30559998750686646
12,1,-0.5332500338554382,-0.30559998750686646
12,2,-0.5155500173568726,-0.30559998750686646
12,3,-0.4978500306606293,-0.2992500066757202
12,4,-0.480150043964386,-0.2824999988079071
12,5,-0.4624500572681427,-0.2610499858856201
12,6,-0.4629000425338745,-0.2610499858856201
12,7,-0.4633500576019287,-0.26010000705718994
12,8,-0.46435004472732544,-0.25384998321533203
12,9,-0.4676000475883484,-0.2476000040769577
12,10,-0.47095003724098206,-0.2415499985218048
12,11,-0.47450003027915955,-0.2357499897480011
12,12,-0.47960004210472107,-0.23134998977184296
12,13,-0.4858500361442566,-0.23080000281333923
12,14,-0.4921000301837921,-0.23199999332427979
12,15,-0.4981500506401062,-0.23469999432563782
13,0,-0.5107499957084656,-0.011349986307322979
13,1,-0.5077499747276306,-0.013649986125528812
13,2,-0.5023999810218811,-0.013649986125528812
13,3,-0.4961499869823456,-0.013649986125528812
13,4,-0.4961499869823456,-0.013649986125528812
13,5,-0.4961499869823456,-0.013649986125528812
13,6,-0.4961499869823456,-0.013649986125528812
13,7,-0.4961499869823456,-0.011899986304342747
13,8,-0.4961499869823456,-0.005649985745549202
13,9,-0.4961499869823456,0.0006000142311677337
13,10,-0.4961499869823456,0.006850014440715313
13,11,-0.4961499869823456,0.013100014068186283
13,12,-0.4961499869823456,0.017300013452768326
13,13,-0.4961499869823456,0.019300013780593872
13,14,-0.4961499869823456,0.021200014278292656
13,15,-0.4961499869823456,0.02570001408457756
14,0,-0.5345246195793152,0.2020275592803955
14,1,-0.5345246195793152,0.20017755031585693
14,2,-0.5345246195793152,0.19832755625247955
14,3,-0.5345246195793152,0.19647756218910217
14,4,-0.5345246195793152,0.1946275532245636
14,5,-0.5345246195793152,0.1926775574684143
14,6,-0.5345246195793152,0.19072756171226501
14,7,-0.5345246195793152,0.18877755105495453
14,8,-0.5345246195793152,0.18682755529880524
14,9,-0.5345246195793152,0.18477755784988403
14,10,-0.5345246195793152,0.18272756040096283
14,11,-0.5345246195793152,0.18067754805088043
14,12,-0.5345246195793152,0.17862755060195923
14,13,-0.5345246195793152,0.17632755637168884
14,14,-0.5349746346473694,0.17367754876613617
14,15,-0.5356746315956116,0.17092755436897278
15,0,-0.6446000337600708,0.05369998887181282
15,1,-0.6438999772071838,0.05369998887181282
15,2,-0.6431999802589417,0.05369998887181282
15,3,-0.6424999833106995,0.05369998887181282
15,4,-0.6424999833106995,0.05369998887181282
15,5,-0.6424999833106995,0.05369998887181282
15,6,-0.6424999833106995,0.05369998887181282
15,7,-0.6424999833106995,0.05369998887181282
15,8,-0.6424999833106995,0.05369998887181282
15,9,-0.6487500071525574,0.05369998887181282
15,10,-0.6550000309944153,0.05419998615980148
15,11,-0.6612499952316284,0.057599987834692
15,12,-0.6626999974250793,0.06384998559951782
15,13,-0.6626999974250793,0.07009998708963394
15,14,-0.6614999771118164,0.07634998857975006
15,15,-0.6584500074386597,0.08259999006986618
16,0,-0.5684999823570251,0.2357000708580017
16,1,-0.5582500100135803,0.23910006880760193
16,2,-0.5479999780654907,0.24250006675720215
16,3,-0.5377500057220459,0.24590006470680237
16,4,-0.5273000001907349,0.2493000626564026
16,5,-0.5162500143051147,0.2527000606060028
16,6,-0.5051999688148499,0.256100058555603
16,7,-0.49414998292922974,0.25950005650520325
16,8,-0.4830999970436096,0.26290008425712585
16,9,-0.47164997458457947,0.2663000822067261
16,10,-0.4601999819278717,0.2697000801563263
16,11,-0.44874998927116394,0.2731000781059265
16,12,-0.4372999966144562,0.27650007605552673
16,13,-0.425849974155426,0.27990007400512695
16,14,-0.41419997811317444,0.2833000719547272
16,15,-0.4019499719142914,0.2867000699043274
17,0,-0.5827999711036682,-0.09424997866153717
17,1,-0.5827999711036682,-0.08859997987747192
17,2,-0.5827999711036682,-0.08294998109340668
17,3,-0.5827999711036682,-0.07729997485876083
17,4,-0.5827999711036682,-0.07164997607469559
17,5,-0.5827999711036682,-0.06599997729063034
17,6,-0.5827999711036682,-0.060349978506565094
17,7,-0.5827999711036682,-0.05469997599720955
17,8,-0.5827999711036682,-0.0490499772131443
17,9,-0.5825999975204468,-0.044999975711107254
17,10,-0.5825999975204468,-0.044999975711107254
17,11,-0.5825999975204468,-0.044999975711107254
17,12,-0.5825999975204468,-0.044999975711107254
17,13,-0.5811499953269958,-0.04374997690320015
17,14,-0.5779500007629395,-0.041599977761507034
17,15,-0.5773999691009521,-0.041599977761507034
18,0,-0.29214996099472046,0.2040000855922699
18,1,-0.2927999496459961,0.19195008277893066
18,2,-0.2934499680995941,0.17990009486675262
18,3,-0.29409995675086975,0.16730009019374847
18,4,-0.2947499752044678,0.15430009365081787
18,5,-0.2953999638557434,0.14130009710788727
18,6,-0.29604995250701904,0.12790009379386902
18,7,-0.29669997096061707,0.11450009047985077
18,8,-0.2973499596118927,0.10110008716583252
18,9,-0.2979999780654907,0.08750008791685104
18,10,-0.29864996671676636,0.07310009002685547
18,11,-0.299299955368042,0.058700088411569595
18,12,-0.29994997382164,0.0441000871360302
18,13,-0.30059996247291565,0.029150089249014854
18,14,-0.3012499511241913,0.013800087384879589
18,15,-0.3018999695777893,-0.0019499127520248294
19,0,-0.6798999905586243,0.05060000345110893
19,1,-0.6766500473022461,0.04530000314116478
19,2,-0.6722000241279602,0.04155000299215317
19,3,-0.667650043964386,0.039000004529953
19,4,-0.6640000343322754,0.03750000149011612
19,5,-0.6605499982833862,0.03680000454187393
19,6,-0.6585500240325928,0.03630000352859497
19,7,-0.6581500172615051,0.03630000352859497
19,8,-0.658050000667572,0.03630000352859497
19,9,-0.6579500436782837,0.03630000352859497
19,10,-0.6573500037193298,0.03630000352859497
19,11,-0.6554500460624695,0.03630000352859497
19,12,-0.6532500386238098,0.03630000352859497
19,13,-0.6510500311851501,0.03630000352859497
19,14,-0.6506500244140625,0.03630000352859497
19,15,-0.650350034236908,0.03630000352859497
20,0,-0.28839996457099915,0.2956000566482544
20,1,-0.2821499705314636,0.2938500642776489
20,2,-0.2821499705314636,0.2938500642776489
20,3,-0.2821499705314636,0.2938500642776489
20,4,-0.2821499705314636,0.2938500642776489
20,5,-0.2821499705314636,0.2938500642776489
20,6,-0.2821499705314636,0.2938500642776489
20,7,-0.2821499705314636,0.2938500642776489
20,8,-0.2821499705314636,0.2938500642776489
20,9,-0.2821499705314636,0.2938500642776489
20,10,-0.2821499705314636,0.2938500642776489
20,11,-0.2821499705314636,0.2938500642776489
20,12,-0.2821499705314636,0.2938500642776489
20,13,-0.2821499705314636,0.2938500642776489
20,14,-0.2821499705314636,0.2938500642776489
20,15,-0.2821499705314636,0.2938500642776489
21,0,-0.5458000302314758,0.16254998743534088
21,1,-0.5335500240325928,0.17809998989105225
21,2,-0.5181999802589417,0.19404998421669006
21,3,-0.5002999901771545,0.20864997804164886
21,4,-0.47964999079704285,0.22244998812675476
21,5,-0.4586000144481659,0.23524998128414154
21,6,-0.43755000829696655,0.24689997732639313
21,7,-0.4165000021457672,0.2583499848842621
21,8,-0.39524999260902405,0.26979997754096985
21,9,-0.37400001287460327,0.28064998984336853
21,10,-0.3527500033378601,0.29109999537467957
21,11,-0.3305000066757202,0.29704999923706055
21,12,-0.30550000071525574,0.29704999923706055
21,13,-0.28049999475479126,0.2906999886035919
21,14,-0.2804500162601471,0.2906999886035919
21,15,-0.28040000796318054,0.2906999886035919
22,0,-0.306549996137619,0.30000004172325134
22,1,-0.30650001764297485,0.30000004172325134
22,2,-0.3064500093460083,0.30000004172325134
22,3,-0.30204999446868896,0.29305005073547363
22,4,-0.2957000136375427,0.28335005044937134
22,5,-0.29565000534057617,0.28335005044937134
22,6,-0.2955999970436096,0.28335005044937134
22,7,-0.29555001854896545,0.28335005044937134
22,8,-0.2955000102519989,0.28335005044937134
22,9,-0.29190000891685486,0.28335005044937134
22,10,-0.2918500006198883,0.28335005044937134
22,11,-0.29179999232292175,0.28335005044937134
22,12,-0.2917500138282776,0.28335005044937134
22,13,-0.29170000553131104,0.28335005044937134
22,14,-0.2916499972343445,0.28335005044937134
22,15,-0.2916000187397003,0.28335005044937134
23,0,-0.4741043150424957,0.055799636989831924
23,1,-0.4748043119907379,0.055799636989831924
23,2,-0.4755043387413025,0.055799636989831924
23,3,-0.4762043356895447,0.055799636989831924
23,4,-0.47660431265830994,0.055799636989831924
23,5,-0.4770043194293976,0.055799636989831924
23,6,-0.47740432620048523,0.055799636989831924
23,7,-0.4778043329715729,0.055799636989831924
23,8,-0.4782043397426605,0.055799636989831924
23,9,-0.4786043167114258,0.055799636989831924
23,10,-0.4790043234825134,0.055799636989831924
23,11,-0.4794043302536011,0.055799636989831924
23,12,-0.4798043370246887,0.055799636989831924
23,13,-0.480204313993454,0.055799636989831924
23,14,-0.4806043207645416,0.055799636989831924
23,15,-0.4810043275356293,0.055799636989831924
24,0,-0.5384500026702881,0.11875001341104507
24,1,-0.5384500026702881,0.11875001341104507
24,2,-0.5399499535560608,0.11875001341104507
24,3,-0.544950008392334,0.12120001763105392
24,4,-0.55035001039505,0.1255500167608261
24,5,-0.5547499656677246,0.13095001876354218
24,6,-0.5569499731063843,0.1372000128030777
24,7,-0.5569499731063843,0.14345002174377441
24,8,-0.5566499829292297,0.14970001578330994
24,9,-0.5552999973297119,0.15595002472400665
24,10,-0.552649974822998,0.16220001876354218
24,11,-0.5491999983787537,0.16815002262592316
24,12,-0.5455499887466431,0.17405001819133759
24,13,-0.5418999791145325,0.17995001375675201
24,14,-0.5381499528884888,0.18575002253055573
24,15,-0.5345999598503113,0.19095002114772797
25,0,-0.4696043133735657,0.05309963598847389
25,1,-0.4708543121814728,0.05309963598847389
25,2,-0.4718543291091919,0.05309963598847389
25,3,-0.4725543260574341,0.05309963598847389
25,4,-0.47295433282852173,0.05309963598847389
25,5,-0.47295433282852173,0.05309963598847389
25,6,-0.47295433282852173,0.05309963598847389
25,7,-0.47295433282852173,0.05359963700175285
25,8,-0.47295433282852173,0.05414963886141777
25,9,-0.47295433282852173,0.05469963699579239
25,10,-0.47295433282852173,0.055249638855457306
25,11,-0.47325432300567627,0.055799636989831924
25,12,-0.4736543297767639,0.055799636989831924
25,13,-0.4741043150424957,0.055799636989831924
25,14,-0.4748043119907379,0.055799636989831924
25,15,-0.4755043387413025,0.055799636989831924
26,0,-0.7033500075340271,0.3383500277996063
26,1,-0.6976000070571899,0.3314000368118286
26,2,-0.690850019454956,0.3244500458240509
26,3,-0.6834999918937683,0.3175000250339508
26,4,-0.6761500239372253,0.3105500340461731
26,5,-0.6682500243186951,0.3046000301837921
26,6,-0.6585500240325928,0.29865002632141113
26,7,-0.6485000252723694,0.29270002245903015
26,8,-0.638450026512146,0.28675004839897156
26,9,-0.6281999945640564,0.2808000445365906
26,10,-0.6179500222206116,0.2748500406742096
26,11,-0.607699990272522,0.2689000368118286
26,12,-0.5974500179290771,0.2621500492095947
26,13,-0.5871999859809875,0.25540003180503845
26,14,-0.5769500136375427,0.24845004081726074
26,15,-0.5666999816894531,0.24150003492832184
27,0,-0.4165000021457672,0.2583499848842621
27,1,-0.39524999260902405,0.26979997754096985
27,2,-0.37400001287460327,0.28064998984336853
27,3,-0.3527500033378601,0.29109999537467957
27,4,-0.3305000066757202,0.29704999923706055
27,5,-0.30550000071525574,0.29704999923706055
27,6,-0.28049999475479126,0.2906999886035919
27,7,-0.2804500162601471,0.2906999886035919
27,8,-0.28040000796318054,0.2906999886035919
27,9,-0.280349999666214,0.2906999886035919
27,10,-0.28029999136924744,0.2906999886035919
27,11,-0.28025001287460327,0.2906999886035919
27,12,-0.2802000045776367,0.2906999886035919
27,13,-0.28014999628067017,0.2906999886035919
27,14,-0.2800999879837036,0.2906999886035919
27,15,-0.28005000948905945,0.2906999886035919
28,0,-0.6962500214576721,0.0013500188942998648
28,1,-0.6978999972343445,0.02045002020895481
28,2,-0.6995499730110168,0.039550021290779114
28,3,-0.701200008392334,0.05905001983046532
28,4,-0.7028499841690063,0.07910002022981644
28,5,-0.703499972820282,0.10055001825094223
28,6,-0.7041500210762024,0.12200002372264862
28,7,-0.7057999968528748,0.14345002174377441
28,8,-0.7078499794006348,0.1649000197649002
28,9,-0.7099000215530396,0.1844000220298767
28,10,-0.7109500169754028,0.2021000236272812
28,11,-0.7109000086784363,0.21865002810955048
28,12,-0.7108500003814697,0.23365002870559692
28,13,-0.7107999920845032,0.2464500218629837
28,14,-0.7107499837875366,0.25870001316070557
28,15,-0.7106999754905701,0.27035000920295715
29,0,-0.4822043180465698,0.3076496124267578
29,1,-0.48570430278778076,0.30164963006973267
29,2,-0.48935431241989136,0.29574960470199585
29,3,-0.4930543005466461,0.2899996042251587
29,4,-0.49690431356430054,0.28434962034225464
29,5,-0.5009043216705322,0.2789496183395386
29,6,-0.5050542950630188,0.2736496031284332
29,7,-0.509354293346405,0.268449604511261
29,8,-0.513904333114624,0.26359960436820984
29,9,-0.5181043148040771,0.26059961318969727
29,10,-0.5181043148040771,0.26059961318969727
29,11,-0.5138043165206909,0.26599961519241333
29,12,-0.5095043182373047,0.2714996039867401
29,13,-0.5052043199539185,0.2769996225833893
29,14,-0.5009043216705322,0.28249961137771606
29,15,-0.496604323387146,0.28809961676597595
30,0,-0.6517500281333923,0.06585001200437546
30,1,-0.6495500206947327,0.06585001200437546
30,2,-0.6495500206947327,0.06585001200437546
30,3,-0.6495500206947327,0.06585001200437546
30,4,-0.6495500206947327,0.06585001200437546
30,5,-0.6495500206947327,0.06585001200437546
30,6,-0.6495500206947327,0.06585001200437546
30,7,-0.6495500206947327,0.06585001200437546
30,8,-0.6495500206947327,0.06585001200437546
30,9,-0.6495500206947327,0.06585001200437546
30,10,-0.6492500305175781,0.06585001200437546
30,11,-0.6488000154495239,0.06585001200437546
30,12,-0.6482499837875366,0.06585001200437546
30,13,-0.6477000117301941,0.06585001200437546
30,14,-0.647100031375885,0.06585001200437546
30,15,-0.6464999914169312,0.06585001200437546
31,0,-0.6503043174743652,0.04024962708353996
31,1,-0.6490542888641357,0.04024962708353996
31,2,-0.647804319858551,0.04024962708353996
31,3,-0.6465542912483215,0.04024962708353996
31,4,-0.6453043222427368,0.04024962708353996
31,5,-0.6440542936325073,0.04024962708353996
31,6,-0.6428043246269226,0.04024962708353996
31,7,-0.6416043043136597,0.04024962708353996
31,8,-0.6410043239593506,0.04024962708353996
31,9,-0.640704333782196,0.04024962708353996
31,10,-0.640704333782196,0.04024962708353996
31,11,-0.640704333782196,0.04024962708353996
31,12,-0.640704333782196,0.04024962708353996
31,13,-0.640704333782196,0.04024962708353996
31,14,-0.640704333782196,0.04024962708353996
31,15,-0.640704333782196,0.041799627244472504
32,0,-0.5880499482154846,0.08540007472038269
32,1,-0.5880499482154846,0.08540007472038269
32,2,-0.5880499482154846,0.08540007472038269
32,3,-0.5880499482154846,0.08540007472038269
32,4,-0.5880499482154846,0.08540007472038269
32,5,-0.5880499482154846,0.08540007472038269
32,6,-0.5880499482154846,0.08540007472038269
32,7,-0.5878499746322632,0.08540007472038269
32,8,-0.5854499936103821,0.08650007843971252
32,9,-0.5817499756813049,0.0883500725030899
32,10,-0.5776999592781067,0.09060007333755493
32,11,-0.5736500024795532,0.09375007450580597
32,12,-0.5719499588012695,0.09855007380247116
32,13,-0.5717999935150146,0.10465007275342941
32,14,-0.5717999935150146,0.11090007424354553
32,15,-0.5717999935150146,0.11715007573366165
33,0,-0.6226999759674072,0.07355000078678131
33,1,-0.6226499676704407,0.053300004452466965
33,2,-0.6225999593734741,0.03305000439286232
33,3,-0.6225499510765076,0.0128000034019351
33,4,-0.6225000023841858,-0.007449996657669544
33,5,-0.6224499940872192,-0.027699995785951614
33,6,-0.6283999681472778,-0.04794999584555626
33,7,-0.640999972820282,-0.0681999996304512
33,8,-0.6547999978065491,-0.08749999850988388
33,9,-0.6685999631881714,-0.10520000010728836
33,10,-0.6690499782562256,-0.12449999898672104
33,11,-0.661549985408783,-0.14949999749660492
33,12,-0.6512999534606934,-0.1745000034570694
33,13,-0.6392499804496765,-0.19280000030994415
33,14,-0.6334999799728394,-0.19280000030994415
33,15,-0.6314499974250793,-0.1903499960899353
34,0,-0.48330000042915344,-0.013549989089369774
34,1,-0.4850499927997589,-0.019799988716840744
34,2,-0.48579999804496765,-0.026049988344311714
34,3,-0.48330000042915344,-0.032299987971782684
34,4,-0.47929999232292175,-0.03784998878836632
34,5,-0.47474998235702515,-0.04289998859167099
34,6,-0.46949997544288635,-0.04704998806118965
34,7,-0.4635999798774719,-0.05014998838305473
34,8,-0.4573499858379364,-0.051399990916252136
34,9,-0.4510999917984009,-0.05214998871088028
34,10,-0.44484999775886536,-0.05214998871088028
34,11,-0.43860000371932983,-0.05214998871088028
34,12,-0.4323499798774719,-0.05159999057650566
34,13,-0.4260999858379364,-0.049599990248680115
34,14,-0.4198499917984009,-0.0461999885737896
34,15,-0.4143500030040741,-0.04184998944401741
35,0,-0.609499990940094,0.19759999215602875
35,1,-0.6191999912261963,0.19759999215602875
35,2,-0.6288999915122986,0.19759999215602875
35,3,-0.6385999917984009,0.19904999434947968
35,4,-0.6482999920845032,0.20184999704360962
35,5,-0.6583499908447266,0.20565000176429749
35,6,-0.6687999963760376,0.21079999208450317
35,7,-0.6792500019073486,0.21735000610351562
35,8,-0.6897000074386597,0.22624999284744263
35,9,-0.699400007724762,0.23749999701976776
35,10,-0.7069000005722046,0.25209999084472656
35,11,-0.7098999619483948,0.2672500014305115
35,12,-0.709850013256073,0.2826000154018402
35,13,-0.7098000049591064,0.2983500063419342
35,14,-0.7097499966621399,0.3140999972820282
35,15,-0.7071499824523926,0.3298499882221222
36,0,-0.528174638748169,0.17607755959033966
36,1,-0.5279746055603027,0.1736275553703308
36,2,-0.5277746319770813,0.17117755115032196
36,3,-0.5275745987892151,0.1687275469303131
36,4,-0.5273746252059937,0.16627755761146545
36,5,-0.5271746516227722,0.1638275533914566
36,6,-0.526974618434906,0.16137754917144775
36,7,-0.5267746448516846,0.1589275598526001
36,8,-0.5265746116638184,0.15647755563259125
36,9,-0.5263746380805969,0.15382754802703857
36,10,-0.5261746048927307,0.1511775553226471
36,11,-0.5259746313095093,0.14852754771709442
36,12,-0.5257745981216431,0.14587755501270294
36,13,-0.5255746245384216,0.14312756061553955
36,14,-0.5253746509552002,0.14037755131721497
36,15,-0.525174617767334,0.13762755692005157
37,0,-0.5411999821662903,0.015500013716518879
37,1,-0.5411999821662903,0.016150014474987984
37,2,-0.5411999821662903,0.016800014302134514
37,3,-0.5411999821662903,0.01970001310110092
37,4,-0.5411999821662903,0.023300014436244965
37,5,-0.5411999821662903,0.0252000130712986
37,6,-0.5411999821662903,0.026550013571977615
37,7,-0.5411999821662903,0.02790001407265663
37,8,-0.5411999821662903,0.029250014573335648
37,9,-0.5411999821662903,0.030600013211369514
37,10,-0.5411999821662903,0.03195001557469368
37,11,-0.5411999821662903,0.03195001557469368
37,12,-0.5411999821662903,0.03195001557469368
37,13,-0.5411999821662903,0.030350014567375183
37,14,-0.5413499474525452,0.024500014260411263
37,15,-0.542199969291687,0.018250014632940292
38,0,-0.680899977684021,0.1319500356912613
38,1,-0.6871500015258789,0.1319500356912613
38,2,-0.6934000253677368,0.1319500356912613
38,3,-0.69964998960495,0.1319500356912613
38,4,-0.7059000134468079,0.12895002961158752
38,5,-0.710349977016449,0.12355003505945206
38,6,-0.7135000228881836,0.11730003356933594
38,7,-0.7146999835968018,0.11105003207921982
38,8,-0.7146999835968018,0.1048000305891037
38,9,-0.7142999768257141,0.09855003654956818
38,10,-0.7120500206947327,0.09230003505945206
38,11,-0.7098000049591064,0.08605003356933594
38,12,-0.7075499892234802,0.07980003207921982
38,13,-0.7053000330924988,0.0735500305891037
38,14,-0.7005000114440918,0.06875003129243851
38,15,-0.6980000138282776,0.06780003011226654
39,0,-0.37665003538131714,-0.061599988490343094
39,1,-0.3704000413417816,-0.061599988490343094
39,2,-0.3641500174999237,-0.061599988490343094
39,3,-0.3579000234603882,-0.05959998816251755
39,4,-0.3518500328063965,-0.055849988013505936
39,5,-0.346500039100647,-0.051299985498189926
39,6,-0.342600017786026,-0.045549988746643066
39,7,-0.33980002999305725,-0.03929998725652695
39,8,-0.33750003576278687,-0.03304998576641083
39,9,-0.33595001697540283,-0.026799986138939857
39,10,-0.33595001697540283,-0.020549986511468887
39,11,-0.33615002036094666,-0.014299986883997917
39,12,-0.33820003271102905,-0.008049986325204372
39,13,-0.3413500189781189,-0.001799986232072115
39,14,-0.3449000120162964,0.004100013989955187
39,15,-0.34850001335144043,0.009900013916194439
40,0,-0.6638500094413757,0.06139998883008957
40,1,-0.6638500094413757,0.06139998883008957
40,2,-0.6635500192642212,0.06139998883008957
40,3,-0.6629500389099121,0.06139998883008957
40,4,-0.6623499989509583,0.06139998883008957
40,5,-0.661050021648407,0.06139998883008957
40,6,-0.6590999960899353,0.06139998883008957
40,7,-0.6571500301361084,0.06139998883008957
40,8,-0.6554499864578247,0.06139998883008957
40,9,-0.6537500023841858,0.06139998883008957
40,10,-0.6524500250816345,0.060549989342689514
40,11,-0.6511499881744385,0.05969998612999916
40,12,-0.6498500108718872,0.058849986642599106
40,13,-0.6485500335693359,0.05799998715519905
40,14,-0.6477000117301941,0.05799998715519905
40,15,-0.6468999981880188,0.05799998715519905
41,0,-0.5574500560760498,-0.21344995498657227
41,1,-0.5616500377655029,-0.2079499512910843
41,2,-0.563800036907196,-0.20169994235038757
41,3,-0.5646500587463379,-0.19544994831085205
41,4,-0.5645000338554382,-0.18919995427131653
41,5,-0.5643500685691833,-0.1829499453306198
41,6,-0.5642000436782837,-0.1766999512910843
41,7,-0.5640500783920288,-0.17044994235038757
41,8,-0.5639000535011292,-0.16419994831085205
41,9,-0.5637500286102295,-0.15794995427131653
41,10,-0.5636000633239746,-0.1516999453306198
41,11,-0.563450038433075,-0.1454499512910843
41,12,-0.5633000731468201,-0.13919994235038757
41,13,-0.5631500482559204,-0.13294994831085205
41,14,-0.5630000829696655,-0.12669995427131653
41,15,-0.5628500580787659,-0.12044994533061981
42,0,-0.7889500260353088,0.14509999752044678
42,1,-0.7925500273704529,0.1388999968767166
42,2,-0.7957500219345093,0.1326500028371811
42,3,-0.7984000444412231,0.12639999389648438
42,4,-0.8003000020980835,0.12014999985694885
42,5,-0.7965500354766846,0.11500000208616257
42,6,-0.7903000116348267,0.11374999582767487
42,7,-0.7903000116348267,0.11374999582767487
42,8,-0.7903000116348267,0.11374999582767487
42,9,-0.7903000116348267,0.11374999582767487
42,10,-0.7883000373840332,0.11374999582767487
42,11,-0.7820500135421753,0.11374999582767487
42,12,-0.7758000493049622,0.11374999582767487
42,13,-0.7695500254631042,0.11374999582767487
42,14,-0.7633000016212463,0.11374999582767487
42,15,-0.7570500373840332,0.11374999582767487
43,0,-0.5587246417999268,0.15067756175994873
43,1,-0.5633246302604675,0.14562755823135376
43,2,-0.5675246119499207,0.1402275562286377
43,3,-0.5710746645927429,0.13432756066322327
43,4,-0.5727246403694153,0.12822756171226501
43,5,-0.5727246403694153,0.12302755564451218
43,6,-0.5727246403694153,0.11782755702733994
43,7,-0.5727246403694153,0.11312755197286606
43,8,-0.5727246403694153,0.11192755401134491
43,9,-0.5727246403694153,0.11192755401134491
43,10,-0.5727246403694153,0.11192755401134491
43,11,-0.5727246403694153,0.11192755401134491
43,12,-0.5727246403694153,0.1102275550365448
43,13,-0.5727246403694153,0.10837755352258682
43,14,-0.5727246403694153,0.10652755200862885
43,15,-0.5725246071815491,0.10512755811214447
44,0,-0.5481500029563904,0.024050064384937286
44,1,-0.5509999990463257,0.017800064757466316
44,2,-0.5554499626159668,0.012850064784288406
44,3,-0.5611499547958374,0.009750064462423325
44,4,-0.5673999786376953,0.008150064386427402
44,5,-0.5736500024795532,0.006900064647197723
44,6,-0.5798999667167664,0.005700064357370138
44,7,-0.5861499905586243,0.004650064744055271
44,8,-0.5923999547958374,0.004650064744055271
44,9,-0.5986499786376953,0.004650064744055271
44,10,-0.6049000024795532,0.004650064744055271
44,11,-0.6111499667167664,0.004650064744055271
44,12,-0.6173999905586243,0.004650064744055271
44,13,-0.6236499547958374,0.004650064744055271
44,14,-0.6298999786376953,0.004650064744055271
44,15,-0.6361500024795532,0.006250064820051193
45,0,-0.6435499787330627,-0.20810000598430634
45,1,-0.6445000171661377,-0.20604999363422394
45,2,-0.6466500163078308,-0.2045000046491623
45,3,-0.6503499746322632,-0.20295000076293945
45,4,-0.6546499729156494,-0.20104999840259552
45,5,-0.6592000126838684,-0.19820000231266022
45,6,-0.6637499928474426,-0.19345000386238098
45,7,-0.6671500205993652,-0.18735000491142273
45,8,-0.6701499819755554,-0.181099995970726
45,9,-0.6731500029563904,-0.1748500019311905
45,10,-0.6755499839782715,-0.16859999299049377
45,11,-0.6755499839782715,-0.16234999895095825
45,12,-0.6727499961853027,-0.15610000491142273
45,13,-0.6684499979019165,-0.1504499912261963
45,14,-0.6639000177383423,-0.14505000412464142
45,15,-0.6593499779701233,-0.13965000212192535
46,0,-0.5435999631881714,-0.016549965366721153
46,1,-0.5435999631881714,-0.014799965545535088
46,2,-0.5435999631881714,-0.013049964793026447
46,3,-0.5435999631881714,-0.011299964971840382
46,4,-0.5435999631881714,-0.009549965150654316
46,5,-0.5435999631881714,-0.007799964863806963
46,6,-0.5435999631881714,-0.006049965042620897
46,7,-0.5435999631881714,-0.004299964755773544
46,8,-0.5435999631881714,-0.0025499649345874786
46,9,-0.5435999631881714,-0.0007999648805707693
46,10,-0.5435999631881714,0.00095003517344594
46,11,-0.5435999631881714,0.0027000352274626493
46,12,-0.5435999631881714,0.004450035281479359
46,13,-0.5435999631881714,0.006200035568326712
46,14,-0.5435999631881714,0.007950035855174065
46,15,-0.5435999631881714,0.00970003567636013
47,0,-0.4952000081539154,-0.026399966329336166
47,1,-0.5037000179290771,-0.03884996473789215
47,2,-0.5121999979019165,-0.051299966871738434
47,3,-0.5195500254631042,-0.06374996900558472
47,4,-0.5254999995231628,-0.0761999636888504
47,5,-0.5314499735832214,-0.08864996582269669
47,6,-0.5374000072479248,-0.10109996795654297
47,7,-0.5433499813079834,-0.11354997009038925
47,8,-0.5493000149726868,-0.12599997222423553
47,9,-0.5562499761581421,-0.13844996690750122
47,10,-0.5637499690055847,-0.1508999615907669
47,11,-0.5722500085830688,-0.1633499711751938
47,12,-0.5817499756813049,-0.17579996585845947
47,13,-0.592199981212616,-0.18824997544288635
47,14,-0.6032500267028809,-0.20069997012615204
47,15,-0.614300012588501,-0.21314996480941772
48,0,-0.45825430750846863,0.38264963030815125
48,1,-0.4594542980194092,0.37639960646629333
48,2,-0.4606543183326721,0.3701496124267578
48,3,-0.4619043171405792,0.3638996183872223
48,4,-0.4634042978286743,0.35764962434768677
48,5,-0.4652543067932129,0.35139963030815125
48,6,-0.46725431084632874,0.34514960646629333
48,7,-0.46940430998802185,0.3388996124267578
48,8,-0.47155430912971497,0.3326496183872223
48,9,-0.47375431656837463,0.32639962434768677
48,10,-0.4763043224811554,0.32014963030815125
48,11,-0.4790543019771576,0.31389960646629333
48,12,-0.4822043180465698,0.3076496124267578
48,13,-0.48570430278778076,0.30164963006973267
48,14,-0.48935431241989136,0.29574960470199585
48,15,-0.4930543005466461,0.2899996042251587
49,0,-0.5559999942779541,0.09965001046657562
49,1,-0.56045001745224,0.10590001195669174
49,2,-0.5653499960899353,0.11215000599622726
49,3,-0.571399986743927,0.11645001173019409
49,4,-0.5776500105857849,0.11875000596046448
49,5,-0.5839000344276428,0.11950001120567322
49,6,-0.5872499942779541,0.11775001138448715
49,7,-0.581000030040741,0.11775001138448715
49,8,-0.5747500061988831,0.11775001138448715
49,9,-0.5684999823570251,0.11680001020431519
49,10,-0.562250018119812,0.11435000598430634
49,11,-0.5603500008583069,0.1084500104188919
49,12,-0.5594500303268433,0.10220000892877579
49,13,-0.5585500001907349,0.09595000743865967
49,14,-0.5585500001907349,0.09595000743865967
49,15,-0.5585500001907349,0.09595000743865967
50,0,-0.6588746309280396,0.07272755354642868
50,1,-0.6579246520996094,0.0789775550365448
50,2,-0.6568246483802795,0.08522755652666092
50,3,-0.6556246280670166,0.09147755801677704
50,4,-0.653274655342102,0.09772755205631256
50,5,-0.6480746269226074,0.10237755626440048
50,6,-0.6418246626853943,0.10412755608558655
50,7,-0.6355746388435364,0.10412755608558655
50,8,-0.6293246150016785,0.10342755168676376
50,9,-0.6230746507644653,0.10102755576372147
50,10,-0.6190246343612671,0.09837755560874939
50,11,-0.6162746548652649,0.09592755138874054
50,12,-0.6145746111869812,0.09372755140066147
50,13,-0.613624632358551,0.09107755124568939
50,14,-0.6130246520042419,0.088327556848526
50,15,-0.6126246452331543,0.08557755500078201
51,0,-0.470149964094162,0.05785003677010536
51,1,-0.47189995646476746,0.05785003677010536
51,2,-0.4722999632358551,0.05785003677010536
51,3,-0.47269997000694275,0.05785003677010536
51,4,-0.4730999767780304,0.05785003677010536
51,5,-0.47349998354911804,0.05785003677010536
51,6,-0.4738999605178833,0.05785003677010536
51,7,-0.47429996728897095,0.05785003677010536
51,8,-0.4746999740600586,0.05785003677010536
51,9,-0.47509998083114624,0.05785003677010536
51,10,-0.4754999577999115,0.05785003677010536
51,11,-0.47589996457099915,0.05785003677010536
51,12,-0.4762999713420868,0.05785003677010536
51,13,-0.47669997811317444,0.05785003677010536
51,14,-0.4770999550819397,0.05785003677010536
51,15,-0.47749996185302734,0.05785003677010536
52,0,-0.4668499827384949,0.008849996142089367
52,1,-0.4668499827384949,0.008849996142089367
52,2,-0.4668499827384949,0.008849996142089367
52,3,-0.4682999849319458,0.008849996142089367
52,4,-0.47099998593330383,0.008849996142089367
52,5,-0.47369998693466187,0.008849996142089367
52,6,-0.4747999906539917,0.008849996142089367
52,7,-0.47484996914863586,0.008849996142089367
52,8,-0.47484996914863586,0.008849996142089367
52,9,-0.47484996914863586,0.008849996142089367
52,10,-0.47484996914863586,0.008849996142089367
52,11,-0.47484996914863586,0.008849996142089367
52,12,-0.47484996914863586,0.011599996127188206
52,13,-0.47484996914863586,0.015549995936453342
52,14,-0.47484996914863586,0.020099995657801628
52,15,-0.47484996914863586,0.025049995630979538
53,0,-0.8133000135421753,-0.07579997181892395
53,1,-0.8195499777793884,-0.07579997181892395
53,2,-0.8258000016212463,-0.07454997301101685
53,3,-0.8303999900817871,-0.06934996694326401
53,4,-0.8305500149726868,-0.06309997290372849
53,5,-0.8299499750137329,-0.056849971413612366
53,6,-0.8271499872207642,-0.050599969923496246
53,7,-0.8223000168800354,-0.045799970626831055
53,8,-0.8170499801635742,-0.04139997065067291
53,9,-0.8118000030517578,-0.03699997067451477
53,10,-0.8065500259399414,-0.03259997069835663
53,11,-0.8012999892234802,-0.028199968859553337
53,12,-0.7960500121116638,-0.023799968883395195
53,13,-0.7907999753952026,-0.019399968907237053
53,14,-0.7855499982833862,-0.014999969862401485
53,15,-0.7799500226974487,-0.011049969121813774
54,0,-0.39320001006126404,-0.2659500241279602
54,1,-0.3931500017642975,-0.2659500241279602
54,2,-0.39309999346733093,-0.2659500241279602
54,3,-0.39305001497268677,-0.2659500241279602
54,4,-0.3930000066757202,-0.2659500241279602
54,5,-0.3979499936103821,-0.2659500241279602
54,6,-0.4092000126838684,-0.2682000398635864
54,7,-0.42454999685287476,-0.27080002427101135
54,8,-0.4408999979496002,-0.2738000154495239
54,9,-0.4572499990463257,-0.27505001425743103
54,10,-0.4726000130176544,-0.27505001425743103
54,11,-0.4862000048160553,-0.27505001425743103
54,12,-0.48614999651908875,-0.27505001425743103
54,13,-0.4891499876976013,-0.27410003542900085
54,14,-0.49540001153945923,-0.27250003814697266
54,15,-0.5016499757766724,-0.27045002579689026
55,0,-0.683899998664856,0.042399995028972626
55,1,-0.6845999956130981,0.048649996519088745
55,2,-0.6852999925613403,0.054899994283914566
55,3,-0.6859999895095825,0.061149995774030685
55,4,-0.6866999864578247,0.0673999935388565
55,5,-0.6873999834060669,0.07364999502897263
55,6,-0.6873999834060669,0.07364999502897263
55,7,-0.6873999834060669,0.07364999502897263
55,8,-0.6873999834060669,0.07364999502897263
55,9,-0.6918500065803528,0.06824999302625656
55,10,-0.6955999732017517,0.06239999458193779
55,11,-0.698199987411499,0.05614999681711197
55,12,-0.698199987411499,0.04989999532699585
55,13,-0.6927499771118164,0.04784999415278435
55,14,-0.6865000128746033,0.04784999415278435
55,15,-0.6802499890327454,0.04894999414682388
56,0,-0.45292460918426514,0.30187755823135376
56,1,-0.4665246307849884,0.30312755703926086
56,2,-0.46717461943626404,0.30312755703926086
56,3,-0.46692463755607605,0.30312755703926086
56,4,-0.4666746258735657,0.30312755703926086
56,5,-0.4664246141910553,0.3005775511264801
56,6,-0.4666246175765991,0.29597756266593933
56,7,-0.46737462282180786,0.29047754406929016
56,8,-0.4683746099472046,0.2846275568008423
56,9,-0.46987462043762207,0.27852755784988403
56,10,-0.47242462635040283,0.2722775340080261
56,11,-0.47527462244033813,0.2660275399684906
56,12,-0.47812461853027344,0.2597775459289551
56,13,-0.48107463121414185,0.25352755188941956
56,14,-0.48402461409568787,0.24727754294872284
56,15,-0.4869746267795563,0.24102754890918732
57,0,-0.6449745893478394,0.07957754284143448
57,1,-0.6437246203422546,0.07957754284143448
57,2,-0.6427746415138245,0.07957754284143448
57,3,-0.6421746015548706,0.07957754284143448
57,4,-0.6415746212005615,0.07957754284143448
57,5,-0.6411246061325073,0.07957754284143448
57,6,-0.6411246061325073,0.07957754284143448
57,7,-0.6411246061325073,0.07957754284143448
57,8,-0.6438246369361877,0.08197753876447678
57,9,-0.6486746072769165,0.08717753738164902
57,10,-0.6527246236801147,0.09292753785848618
57,11,-0.6548746228218079,0.0991775393486023
57,12,-0.6548746228218079,0.10542754083871841
57,13,-0.6548746228218079,0.11167754232883453
57,14,-0.6540746092796326,0.11792754381895065
57,15,-0.6513246297836304,0.12417753785848618
58,0,-0.5537999868392944,0.16144998371601105
58,1,-0.5533999800682068,0.15519998967647552
58,2,-0.5528500080108643,0.14894999563694
58,3,-0.5512499809265137,0.1426999866962433
58,4,-0.5492500066757202,0.13644999265670776
58,5,-0.547249972820282,0.13019998371601105
58,6,-0.5452499985694885,0.12394998967647552
58,7,-0.5432500243186951,0.1176999881863594
58,8,-0.5412499904632568,0.11144998669624329
58,9,-0.5394499897956848,0.10519999265670776
58,10,-0.5386000275611877,0.09894999116659164
58,11,-0.5382000207901001,0.09364999085664749
58,12,-0.5380499958992004,0.09304998815059662
58,13,-0.5380499958992004,0.09304998815059662
58,14,-0.5380499958992004,0.09304998815059662
58,15,-0.5380499958992004,0.09304998815059662
59,0,-0.5178499817848206,0.16060003638267517
59,1,-0.5233500003814697,0.16450002789497375
59,2,-0.5295999646186829,0.16450002789497375
59,3,-0.5358499884605408,0.16265003383159637
59,4,-0.5409999489784241,0.1584000289440155
59,5,-0.5448499917984009,0.15275003015995026
59,6,-0.5468499660491943,0.1473500281572342
59,7,-0.5476999878883362,0.1422000378370285
59,8,-0.5476999878883362,0.13750003278255463
59,9,-0.5476999878883362,0.13290002942085266
59,10,-0.5476999878883362,0.12940002977848053
59,11,-0.5476499795913696,0.12615002691745758
59,12,-0.5475999712944031,0.12290003150701523
59,13,-0.5475499629974365,0.11965002864599228
59,14,-0.54749995470047,0.11595003306865692
59,15,-0.5474500060081482,0.11225003004074097
60,0,-0.46540430188179016,-0.2604004144668579
60,1,-0.4697043001651764,-0.2654504179954529
60,2,-0.4745043218135834,-0.26980042457580566
60,3,-0.4797542989253998,-0.2735004127025604
60,4,-0.4856543242931366,-0.2761504054069519
60,5,-0.4919043183326721,-0.27755042910575867
60,6,-0.49815431237220764,-0.27815040946006775
60,7,-0.5044043064117432,-0.27815040946006775
60,8,-0.5106543302536011,-0.27815040946006775
60,9,-0.5169042944908142,-0.2766004204750061
60,10,-0.5231543183326721,-0.2737504243850708
60,11,-0.5294042825698853,-0.2704504132270813
60,12,-0.5354543328285217,-0.26675042510032654
60,13,-0.5408043265342712,-0.26220041513442993
60,14,-0.5448043346405029,-0.2564004063606262
60,15,-0.5477542877197266,-0.2501504123210907
61,0,-0.392300009727478,-0.12255000323057175
61,1,-0.3977000117301941,-0.1262499988079071
61,2,-0.40309998393058777,-0.12995000183582306
61,3,-0.40849998593330383,-0.13369999825954437
61,4,-0.4138999879360199,-0.13745000958442688
61,5,-0.41929998993873596,-0.1412000060081482
61,6,-0.424699991941452,-0.1449500024318695
61,7,-0.4307999908924103,-0.1472500115633011
61,8,-0.4370499849319458,-0.1472500115633011
61,9,-0.4433000087738037,-0.14660000801086426
61,10,-0.44955000281333923,-0.14570000767707825
61,11,-0.45579999685287476,-0.14480000734329224
61,12,-0.4620499908924103,-0.14425000548362732
61,13,-0.4682999849319458,-0.14425000548362732
61,14,-0.4745500087738037,-0.14425000548362732
61,15,-0.48080000281333923,-0.14425000548362732
62,0,-0.6432999968528748,0.05739999935030937
62,1,-0.6432999968528748,0.05739999935030937
62,2,-0.6432999968528748,0.05739999935030937
62,3,-0.6432999968528748,0.05739999935030937
62,4,-0.6430000066757202,0.0580499991774559
62,5,-0.642549991607666,0.05859999731183052
62,6,-0.642549991607666,0.05859999731183052
62,7,-0.642549991607666,0.05859999731183052
62,8,-0.642549991607666,0.05859999731183052
62,9,-0.642549991607666,0.05859999731183052
62,10,-0.642549991607666,0.05859999731183052
62,11,-0.642549991607666,0.05934999883174896
62,12,-0.642549991607666,0.05934999883174896
62,13,-0.642549991607666,0.05934999883174896
62,14,-0.642549991607666,0.05934999883174896
62,15,-0.642549991607666,0.05934999883174896
63,0,-0.5587999820709229,-0.09354998916387558
63,1,-0.5601500272750854,-0.08914998918771744
63,2,-0.5615000128746033,-0.0847499892115593
63,3,-0.5626500248908997,-0.08024999499320984
63,4,-0.5636500120162964,-0.07574999332427979
63,5,-0.5645999908447266,-0.07124999165534973
63,6,-0.5655500292778015,-0.06674998998641968
63,7,-0.5659999847412109,-0.06224999204277992
63,8,-0.5661500096321106,-0.05774999037384987
63,9,-0.5662000179290771,-0.053249992430210114
63,10,-0.5662000179290771,-0.04874999076128006
63,11,-0.5662000179290771,-0.044249989092350006
63,12,-0.5662000179290771,-0.03974999114871025
63,13,-0.5662000179290771,-0.0352499894797802
63,14,-0.5662000179290771,-0.030749989673495293
63,15,-0.5662000179290771,-0.026249989867210388
